web_scraper_order,web_scraper_start_url,Venue,Name,Country,Venue2,Genres,Price(s.f.),Date 2025,Duration,Where,Visitors,Date 20252,Venue3,Venue4,Venue5,Venue6,Date 20253,Date 20254,Date 20255
"1763561947-1","https://www.festival-alarm.com/us/Categories/Electronic-music-festivals/(year)/2025","Seestraße 1                              Weissenhäuser Strand ,
                              DE
                              23758","Nachtiville Festival","Schleswig-Holstein","Weißenhäuser Strand","Electro","€ 353.00","01/17
                                 -
                                
                                    01/20","4 days","indoor","no data","01/20","Seestraße 1","Weissenhäuser Strand","DE","23758","01/17","01/17","01/17"
"1763561947-2","https://www.festival-alarm.com/us/Categories/Electronic-music-festivals/(year)/2025","Rheinlanddamm 200                              Dortmund,
                              DE
                              44139","Supremacy - Germany Decoded","Northrhine-Westphalia","Westfalenhalle Dortmund","Electro, Hardcore (Electro)","€ 77.00","02/15","1 day","indoor","no data","","Rheinlanddamm 200","Dortmund","DE","44139","02/15","02/15","02/15"
"1763561947-3","https://www.festival-alarm.com/us/Categories/Electronic-music-festivals/(year)/2025","Arno-Bahndorf-Straße 12                              Neukieritzsch,
                              DE
                              04574","EONLY Festival","Saxony","Kulturpark Deutzen","Electro, Gothic","€ 155.00","03/14
                                 -
                                
                                    03/15","2 days","indoor","no data","03/15","Arno-Bahndorf-Straße 12","Neukieritzsch","DE","04574","03/14","03/14","03/14"
"1763561947-4","https://www.festival-alarm.com/us/Categories/Electronic-music-festivals/(year)/2025","Sölden,
                              AT
                              6450","Electric Mountain Festival","Austria","Diverse Location","Electro, House, Trance","€ 0.00","03/31
                                 -
                                
                                    04/04","5 days","outdoor","€ 0.00","04/04","","Sölden","AT","6450","03/31","03/31","03/31"
"1763561947-5","https://www.festival-alarm.com/us/Categories/Electronic-music-festivals/(year)/2025","Mayrhofen,
                              AT
                              6290","Snowbombing Festival","Austria","Diverse Location","Dance, Electro, House, Trance","n/a","04/07
                                 -
                                
                                    04/12","6 days","unknown","no data","04/12","","Mayrhofen","AT","6290","04/07","04/07","04/07"
"1763561947-6","https://www.festival-alarm.com/us/Categories/Electronic-music-festivals/(year)/2025","St. Moritz,
                              CH
                              7500","SunIce Festival","Switzerland","","Electronic Dance Music (EDM), Techno","€ 255.00","04/17
                                 -
                                
                                    04/20","4 days","indoor","","04/20","","St. Moritz","CH","7500","04/17","04/17","04/17"
"1763561947-7","https://www.festival-alarm.com/us/Categories/Electronic-music-festivals/(year)/2025","Sachsenbergstr. 10                               Köln,
                              DE
                              51063","PollerWiesen Opening","Northrhine-Westphalia","Kölner Jugendpark","Dance, Electro, House, Techno, Trance","€ 34.00","04/26","1 day","outdoor","no data","","Sachsenbergstr. 10","Köln","DE","51063","04/26","04/26","04/26"
"1763561947-8","https://www.festival-alarm.com/us/Categories/Electronic-music-festivals/(year)/2025","Rheinlanddamm 200                              Dortmund,
                              DE
                              44139","Mayday","Northrhine-Westphalia","Westfalenhalle","Dance, Electro, House, Trance","€ 74.00","04/30","1 day","indoor","","","Rheinlanddamm 200","Dortmund","DE","44139","04/30","04/30","04/30"
"1763561947-9","https://www.festival-alarm.com/us/Categories/Electronic-music-festivals/(year)/2025","Bergstrasse 32                              Stemwede / Wehdem,
                              DE
                              32351","Hai in den Mai Festival","Northrhine-Westphalia","","Electro, Goa, Trance","n/a","05/01
                                 -
                                
                                    05/04","4 days","outdoor","n/a","05/04","Bergstrasse 32","Stemwede / Wehdem","DE","32351","05/01","05/01","05/01"
"1763561947-10","https://www.festival-alarm.com/us/Categories/Electronic-music-festivals/(year)/2025","Zempower Dorfstraße 25                              Wittstock OT Zempow,
                              DE
                              16909","Hitech Universe Open Air Festival","Brandenburg","Autokino Zempow","Goa","€ 37.50","05/10","1 day","outdoor","no data","","Zempower Dorfstraße 25","Wittstock OT Zempow","DE","16909","05/10","05/10","05/10"
"1763561947-11","https://www.festival-alarm.com/us/Categories/Electronic-music-festivals/(year)/2025","Am Volksfestplatz                              Schweinfurt,
                              DE
                              97421","Bluym Beats Festival","Bavaria","Am Volksfestplatz","Electro, House","€ 39.00","05/10","1 day","outdoor","","","Am Volksfestplatz","Schweinfurt","DE","97421","05/10","05/10","05/10"
"1763561947-12","https://www.festival-alarm.com/us/Categories/Electronic-music-festivals/(year)/2025","Hamburger Str. 164                              Heide,
                              DE
                              25746","Harder Force Indoor Festival","Schleswig-Holstein","Festivalgelände Westcoast","Electro, Hardcore (Electro), Techno","€ 79.90","05/23
                                 -
                                
                                    05/24","2 days","indoor","no data","05/24","Hamburger Str. 164","Heide","DE","25746","05/23","05/23","05/23"
"1763561947-13","https://www.festival-alarm.com/us/Categories/Electronic-music-festivals/(year)/2025","Schiffenberger Weg                              Gießen,
                              DE
                              35394","Rave and Sun Festival","Hesse","WM-Arena Gießen","Dance, Electro, House","€ 25.00","05/24","1 day","outdoor","no data","","Schiffenberger Weg","Gießen","DE","35394","05/24","05/24","05/24"
"1763561947-14","https://www.festival-alarm.com/us/Categories/Electronic-music-festivals/(year)/2025","Vechta,
                              DE
                              49377","Tante Mia Tanzt Festival","Lower Saxony","Stoppelmarkt","Dance, Electro, Hardcore (Electro), Trance","€ 44.90","05/29","1 day","outdoor","","","","Vechta","DE","49377","05/29","05/29","05/29"
"1763561947-15","https://www.festival-alarm.com/us/Categories/Electronic-music-festivals/(year)/2025","Novalja,
                              HR
                              53291","Big Beach Spring Break","Croatia","Zrce Beach","Electronic Dance Music (EDM), House","n/a","05/29
                                 -
                                
                                    06/01","4 days","outdoor","n/a","06/01","","Novalja","HR","53291","05/29","05/29","05/29"
"1763561947-16","https://www.festival-alarm.com/us/Categories/Electronic-music-festivals/(year)/2025","Flur 1                              Gebesee,
                              DE
                              99189","Himmelfahrt Festival","Thuringia","Heizhaus Gebesee","Electronic Dance Music (EDM), House, Techno","n/a","05/29
                                 -
                                
                                    05/30","2 days","unknown","no data","05/30","Flur 1","Gebesee","DE","99189","05/29","05/29","05/29"
"1763561947-17","https://www.festival-alarm.com/us/Categories/Electronic-music-festivals/(year)/2025","Am Hawerkamp 29a                              Münster,
                              DE
                              48155","Docklands Festival","Northrhine-Westphalia","Hawerkamp","Electro","€ 39.00","05/31","1 day","outdoor","","","Am Hawerkamp 29a","Münster","DE","48155","05/31","05/31","05/31"
"1763561947-18","https://www.festival-alarm.com/us/Categories/Electronic-music-festivals/(year)/2025","Orlfing 1                              Dorfen,
                              DE
                              84405","Megaton Festival","Bavaria","Tonwerk Dorfen","Electro, House, Techno, Trance","€ 38.00","05/31","1 day","outdoor","","","Orlfing 1","Dorfen","DE","84405","05/31","05/31","05/31"
"1763561947-19","https://www.festival-alarm.com/us/Categories/Electronic-music-festivals/(year)/2025","Halde Norddeutschland, Neukirchen-Vluyn                              Neukirchen-Vluyn,
                              DE
                              47506","Heaven & Hill Festival","Northrhine-Westphalia","","Electro, Electronic Dance Music (EDM), House, Trance","n/a","05/31","1 day","outdoor","no data","","Halde Norddeutschland, Neukirchen-Vluyn","Neukirchen-Vluyn","DE","47506","05/31","05/31","05/31"
"1763561947-20","https://www.festival-alarm.com/us/Categories/Electronic-music-festivals/(year)/2025","Am Helenesee 2                              Frankfurt (Oder),
                              DE
                              15236","Skalar Festival","Brandenburg","am Helenesee","Electro, Electronic Dance Music (EDM), Art & culture, Techno","€ 119.00","06/05
                                 -
                                
                                    06/08","4 days","outdoor","no data","06/08","Am Helenesee 2","Frankfurt (Oder)","DE","15236","06/05","06/05","06/05"
"1763561947-21","https://www.festival-alarm.com/us/Categories/Electronic-music-festivals/(year)/2025","An der Bahn 999                              Quarnstedt,
                              DE
                              25563","Love Explosion Festival","Hamburg","Love Explosion Festival","Electro, Goa, Techno, Trance","€ 59.90","06/05
                                 -
                                
                                    06/08","4 days","outdoor","","06/08","An der Bahn 999","Quarnstedt","DE","25563","06/05","06/05","06/05"
"1763561947-22","https://www.festival-alarm.com/us/Categories/Electronic-music-festivals/(year)/2025","Flugplatzweg 6                              Niedergörsdorf,
                              DE
                              14913","Zurück zu den Wurzeln Festival","Brandenburg","XXL-Location","Disco, Electro, Goa, House, Art & culture, Reggae, Rock, Trance","€ 159.00","06/05
                                 -
                                
                                    06/08","4 days","outdoor","","06/08","Flugplatzweg 6","Niedergörsdorf","DE","14913","06/05","06/05","06/05"
"1763561947-23","https://www.festival-alarm.com/us/Categories/Electronic-music-festivals/(year)/2025","Novalja,
                              HR
                              53291","Spring Break Europe","Croatia","https://zrce.eu/en/","Electronic Dance Music (EDM), House","€ 69.00","06/05
                                 -
                                
                                    06/09","5 days","outdoor","","06/09","","Novalja","HR","53291","06/05","06/05","06/05"
"1763561947-24","https://www.festival-alarm.com/us/Categories/Electronic-music-festivals/(year)/2025","Am Flughafen 35                              Memmingerberg,
                              DE
                              87766","Ikarus Festival","Bavaria","Ehemaliger Militärflugplatz","Dance, Electro, House","n/a","06/06
                                 -
                                
                                    06/09","4 days","outdoor","n/a","06/09","Am Flughafen 35","Memmingerberg","DE","87766","06/06","06/06","06/06"
"1763561947-25","https://www.festival-alarm.com/us/Categories/Electronic-music-festivals/(year)/2025","Muldestausee                              Mildestausee,
                              DE
                              06774","Sputnik Spring Break Festival","Saxony-Anhalt","Goitzschesee Pouch","Dance, Electro, Hardcore (Electro), Hip-Hop, Pop","€ 166.00","06/06
                                 -
                                
                                    06/09","4 days","outdoor","","06/09","Muldestausee","Mildestausee","DE","06774","06/06","06/06","06/06"
"1763561947-26","https://www.festival-alarm.com/us/Categories/Electronic-music-festivals/(year)/2025","Triensbacher Hauptstraße                              Triensbach,
                              DE
                              74564","Backyard Festival","Baden-Württemberg","Backyard Festival Gelände","Electro, Electronic Dance Music (EDM), Goa, House, Techno, Trance","n/a","06/06
                                 -
                                
                                    06/07","2 days","outdoor","n/a","06/07","Triensbacher Hauptstraße","Triensbach","DE","74564","06/06","06/06","06/06"
"1763561947-27","https://www.festival-alarm.com/us/Categories/Electronic-music-festivals/(year)/2025","Mörfelder Landstraße 362                              Frankfurt am Main,
                              DE
                              60528","World Club Dome","Hesse","Deutsche Bank Park","Dance, Electro, Electronic Dance Music (EDM), Hardcore (Electro), Techno, Trance","€ 379.00","06/06
                                 -
                                
                                    06/08","3 days","outdoor","no data","06/08","Mörfelder Landstraße 362","Frankfurt am Main","DE","60528","06/06","06/06","06/06"
"1763561947-28","https://www.festival-alarm.com/us/Categories/Electronic-music-festivals/(year)/2025","Bildstockstraße                              Landsweiler-Reden,
                              DE
                              66578","Tropical Mountain Festival","Saarland","Auf der Alm","Dance, Electro, House, Trance","€ 58.90","06/07","1 day","outdoor","","","Bildstockstraße","Landsweiler-Reden","DE","66578","06/07","06/07","06/07"
"1763561947-29","https://www.festival-alarm.com/us/Categories/Electronic-music-festivals/(year)/2025","Am Schwimmbad                              Kropp,
                              DE
                              24848","Between the Seas Festival","Schleswig-Holstein","Geestland- Eventgelände","Dance, Electro, Electronic Dance Music (EDM), Trance","€ 66.90","06/12
                                 -
                                
                                    06/14","3 days","outdoor","","06/14","Am Schwimmbad","Kropp","DE","24848","06/12","06/12","06/12"
"1763561947-30","https://www.festival-alarm.com/us/Categories/Electronic-music-festivals/(year)/2025","Frankengutstraße 13                              Bayreuth,
                              DE
                              95447","6*-Festival","Bavaria","SJR Jugendzeltplatz Bayreuth","Dance, Electro, Art & culture, Techno","€ 22.00","06/12
                                 -
                                
                                    06/14","3 days","outdoor","","06/14","Frankengutstraße 13","Bayreuth","DE","95447","06/12","06/12","06/12"
"1763561947-31","https://www.festival-alarm.com/us/Categories/Electronic-music-festivals/(year)/2025","Colditz,
                              DE
                              04680","Blade Festival","Saxony","Near Leipzig","Electro, Electronic Dance Music (EDM), Trance","n/a","06/13
                                 -
                                
                                    06/15","3 days","outdoor","no data","06/15","","Colditz","DE","04680","06/13","06/13","06/13"
"1763561947-32","https://www.festival-alarm.com/us/Categories/Electronic-music-festivals/(year)/2025","Novalja,
                              HR
                              53291","Papaya Spring Break","Croatia","Zrce Beach","Electro, Electronic Dance Music (EDM)","€ 59.00","06/13
                                 -
                                
                                    06/15","3 days","outdoor","no data","06/15","","Novalja","HR","53291","06/13","06/13","06/13"
"1763561947-33","https://www.festival-alarm.com/us/Categories/Electronic-music-festivals/(year)/2025","Am Freizeitpark 2                              Wedemark,
                              DE
                              30900","Waves Open Air","Lower Saxony","Spaßbad Wedemark","Techno, Trance","n/a","06/14","1 day","outdoor","n/a","","Am Freizeitpark 2","Wedemark","DE","30900","06/14","06/14","06/14"
"1763561947-34","https://www.festival-alarm.com/us/Categories/Electronic-music-festivals/(year)/2025","Waghäusel,
                              DE
                              68753","Electrique Baroque Festival","Baden-Württemberg","Eremitage Waghäusel","Electro, Techno","€ 24.99","06/14","1 day","outdoor","no data","","","Waghäusel","DE","68753","06/14","06/14","06/14"
"1763561947-35","https://www.festival-alarm.com/us/Categories/Electronic-music-festivals/(year)/2025","Novalja,
                              HR
                              53291","Wild & Free Weekend","Croatia","Zrce Beach","Electro, Electronic Dance Music (EDM)","n/a","06/18
                                 -
                                
                                    06/20","3 days","outdoor","no data","06/20","","Novalja","HR","53291","06/18","06/18","06/18"
"1763561947-36","https://www.festival-alarm.com/us/Categories/Electronic-music-festivals/(year)/2025","Dillinger Straße 20a                              Bad Aibling,
                              DE
                              83043","Electrifinity Festival","Bavaria","ehem. US-Kaserne Bad Aibling","Dance, Electro, Hardcore (Electro), House","€ 54.18","06/20
                                 -
                                
                                    06/22","3 days","outdoor","no data","06/22","Dillinger Straße 20a","Bad Aibling","DE","83043","06/20","06/20","06/20"
"1763561947-37","https://www.festival-alarm.com/us/Categories/Electronic-music-festivals/(year)/2025","Pleinfeld,
                              DE
                              91785","Burning Beach Festival","Bavaria","Badestrand Brombachsee","Electro, Goa, Hardcore (Electro), Trance","n/a","06/20
                                 -
                                
                                    06/22","3 days","outdoor","no data","06/22","","Pleinfeld","DE","91785","06/20","06/20","06/20"
"1763561947-38","https://www.festival-alarm.com/us/Categories/Electronic-music-festivals/(year)/2025","Ferropolisstraße 1                              Gräfenhainichen,
                              DE
                              06773","Hive Festival","Saxony-Anhalt","Ferropolis","Electro, Electronic Dance Music (EDM), Trance","€ 180.00","06/20
                                 -
                                
                                    06/22","3 days","outdoor","no data","06/22","Ferropolisstraße 1","Gräfenhainichen","DE","06773","06/20","06/20","06/20"
"1763561947-39","https://www.festival-alarm.com/us/Categories/Electronic-music-festivals/(year)/2025","Kragelund                              Viöl,
                              DE
                              25884","Volume X Kragelund Festival","Schleswig-Holstein","","Electro, Goa, Hardcore (Electro), Trance","€ 65.00","06/20
                                 -
                                
                                    06/22","3 days","outdoor","","06/22","Kragelund","Viöl","DE","25884","06/20","06/20","06/20"
"1763561947-40","https://www.festival-alarm.com/us/Categories/Electronic-music-festivals/(year)/2025","zum Obsthof 6                              Pforzheim,
                              DE
                              75177","Buchbusch Festival","Baden-Württemberg","Buchbusch Festival Gelände","Electro, Electronic Dance Music (EDM), Techno","€ 30.00","06/21","1 day","outdoor","","","zum Obsthof 6","Pforzheim","DE","75177","06/21","06/21","06/21"
"1763561947-41","https://www.festival-alarm.com/us/Categories/Electronic-music-festivals/(year)/2025","Sportplatzweg 23                              Langkampfen,
                              AT
                              6336","Midsummer Festival Austria","Austria","Sportplatz Langkampfen","Electronic Dance Music (EDM), Techno","€ 29.90","06/21
                                 -
                                
                                    06/22","2 days","outdoor","","06/22","Sportplatzweg 23","Langkampfen","AT","6336","06/21","06/21","06/21"
"1763561947-42","https://www.festival-alarm.com/us/Categories/Electronic-music-festivals/(year)/2025","Fluplatz                              Lärz,
                              DE
                              17248","Fusion Festival","Mecklenburg-Western-Pomerania","Flugplatz Lärz","Dance, Electro, House, Trance","n/a","06/25
                                 -
                                
                                    06/29","5 days","outdoor","n/a","06/29","Fluplatz","Lärz","DE","17248","06/25","06/25","06/25"
"1763561947-43","https://www.festival-alarm.com/us/Categories/Electronic-music-festivals/(year)/2025","Spijkweg 30                              Biddinghuizen,
                              NL
                              8256","Defqon.1 Festival","Netherlands","Walibi Holland","Dance, Electronic Dance Music (EDM), Trance","n/a","06/26
                                 -
                                
                                    06/29","4 days","outdoor","n/a","06/29","Spijkweg 30","Biddinghuizen","NL","8256","06/26","06/26","06/26"
"1763561947-44","https://www.festival-alarm.com/us/Categories/Electronic-music-festivals/(year)/2025","Zernez,
                              CH
                              7530","Burning Mountain Festival","Switzerland","Charal","Electro, Goa, Techno, Trance","€ 181.00","06/26
                                 -
                                
                                    06/29","4 days","outdoor","","06/29","","Zernez","CH","7530","06/26","06/26","06/26"
"1763561947-45","https://www.festival-alarm.com/us/Categories/Electronic-music-festivals/(year)/2025","Braunsdorfer Straße 100                              Triptis,
                              DE
                              07819","Momentum Festival","Thuringia","Bassin Club Triptis","Electro, House, Techno, Trance","€ 60.00","06/26
                                 -
                                
                                    06/29","4 days","outdoor","no data","06/29","Braunsdorfer Straße 100","Triptis","DE","07819","06/26","06/26","06/26"
"1763561947-46","https://www.festival-alarm.com/us/Categories/Electronic-music-festivals/(year)/2025","Speichersdorf ,
                              DE
                              95469","Kindheitstraum Festival","Bavaria","Flugplatz Speichersdorf","Electro, Electronic Dance Music (EDM), House","€ 35.00","06/28","1 day","outdoor","no data","","","Speichersdorf","DE","95469","06/28","06/28","06/28"
"1763561947-47","https://www.festival-alarm.com/us/Categories/Electronic-music-festivals/(year)/2025","Landshamer Strasse 11                              München,
                              DE
                              81929","Isle of Summer","Bavaria","Olympia Reitanlage","Electro, House","n/a","06/28","1 day","outdoor","n/a","","Landshamer Strasse 11","München","DE","81929","06/28","06/28","06/28"
"1763561947-48","https://www.festival-alarm.com/us/Categories/Electronic-music-festivals/(year)/2025","Salzburgring 1                              Plainfeld,
                              AT
                              5325","Electric Love Festival","Austria","Der Salzburgring","Dance, Electro, House, Trance","€ 185.00","07/03
                                 -
                                
                                    07/05","3 days","outdoor","","07/05","Salzburgring 1","Plainfeld","AT","5325","07/03","07/03","07/03"
"1763561947-49","https://www.festival-alarm.com/us/Categories/Electronic-music-festivals/(year)/2025","Hildburghausen,
                              DE
                              98646","HeideWitzka Festival","Thuringia","Lange Heide","Dance, Electro, Hardcore (Electro), House","€ 49.00","07/03
                                 -
                                
                                    07/05","3 days","outdoor","","07/05","","Hildburghausen","DE","98646","07/03","07/03","07/03"
"1763561947-50","https://www.festival-alarm.com/us/Categories/Electronic-music-festivals/(year)/2025","Friedensstraße 12                              Grebs-Niendorf,
                              DE
                              19294","Orange Sun Festival","Mecklenburg-Western-Pomerania","Burgwall Menkendorf","Dance, Electro, Electronic Dance Music (EDM), Trance","€ 85.00","07/04
                                 -
                                
                                    07/06","3 days","outdoor","no data","07/06","Friedensstraße 12","Grebs-Niendorf","DE","19294","07/04","07/04","07/04"
"1763561947-51","https://www.festival-alarm.com/us/Categories/Electronic-music-festivals/(year)/2025","Bremer Str. 48                              Rotenburg (Wümme),
                              DE
                              27356","Summer Sensation Beachfestival","Lower Saxony","StrandHouse am Weichelsee","Dance, Electro, House","€ 15.00","07/05","1 day","outdoor","","","Bremer Str. 48","Rotenburg (Wümme)","DE","27356","07/05","07/05","07/05"
"1763561947-52","https://www.festival-alarm.com/us/Categories/Electronic-music-festivals/(year)/2025","Oberhausen,
                              DE
                              46117","Ruhr in Love","Northrhine-Westphalia","OlgaPark","Dance, Electro, House, Trance","€ 39.00","07/05","1 day","outdoor","","","","Oberhausen","DE","46117","07/05","07/05","07/05"
"1763561947-53","https://www.festival-alarm.com/us/Categories/Electronic-music-festivals/(year)/2025","Eichhornstraße 89                              Konstanz,
                              DE
                              78464","GuteZeit Festival","Baden-Württemberg","Bodenseestadion Konstanz","Electro, Electronic Dance Music (EDM), Techno","n/a","07/05","1 day","outdoor","no data","","Eichhornstraße 89","Konstanz","DE","78464","07/05","07/05","07/05"
"1763561947-54","https://www.festival-alarm.com/us/Categories/Electronic-music-festivals/(year)/2025","Ronneburger Str.                              Teichwolframsdorf-Mohlsdorf,
                              DE
                              07987","Heimathafen Open Air","Thuringia","Sommerbad Teichwolframsdorf","Electro, House, Techno","€ 17.00","07/05","1 day","outdoor","no data","","Ronneburger Str.","Teichwolframsdorf-Mohlsdorf","DE","07987","07/05","07/05","07/05"
"1763561947-55","https://www.festival-alarm.com/us/Categories/Electronic-music-festivals/(year)/2025","Hövelhof,
                              DE
                              33161","Senne Beach Festival","Northrhine-Westphalia","Schlotmanns Teich","Electro, Electronic Dance Music (EDM), Techno, Trance","€ 25.00","07/05","1 day","outdoor","no data","","","Hövelhof","DE","33161","07/05","07/05","07/05"
"1763561947-56","https://www.festival-alarm.com/us/Categories/Electronic-music-festivals/(year)/2025","Flugpl. 1                              Neustadt-Glewe,
                              DE
                              19306","Airbeat One Festival","Mecklenburg-Western-Pomerania","Flugplatz Neustadt-Glewe","Dance, Electro, House","n/a","07/09
                                 -
                                
                                    07/13","5 days","outdoor","n/a","07/13","Flugpl. 1","Neustadt-Glewe","DE","19306","07/09","07/09","07/09"
"1763561947-57","https://www.festival-alarm.com/us/Categories/Electronic-music-festivals/(year)/2025","Ul. Hrvatske Mornarice 12                              Split,
                              HR
                              21000","Ultra Europe Festival","Croatia","Youth Park","Dance, Electro, Electronic Dance Music (EDM), Hardcore (Electro), House, Trance","€ 159.00","07/11
                                 -
                                
                                    07/13","3 days","outdoor","","07/13","Ul. Hrvatske Mornarice 12","Split","HR","21000","07/11","07/11","07/11"
"1763561947-58","https://www.festival-alarm.com/us/Categories/Electronic-music-festivals/(year)/2025","Am Alten Fort 112 56743  Mendig                              Mendig,
                              DE
                              56743","Affenkäfig Festival","Rhineland-Palatinate","Flugplatz Mendig","Dance, Electro","€ 69.00","07/11
                                 -
                                
                                    07/13","3 days","outdoor","","07/13","Am Alten Fort 112 56743  Mendig","Mendig","DE","56743","07/11","07/11","07/11"
"1763561947-59","https://www.festival-alarm.com/us/Categories/Electronic-music-festivals/(year)/2025","Gerstungen,
                              DE
                              99834","Medival Open Air","Thuringia","Festwiese der Brandenburg","Electro","€ 49.00","07/11
                                 -
                                
                                    07/13","3 days","outdoor","","07/13","","Gerstungen","DE","99834","07/11","07/11","07/11"
"1763561947-60","https://www.festival-alarm.com/us/Categories/Electronic-music-festivals/(year)/2025","Karl-Glöckner-Str. 4                              Gießen,
                              DE
                              35394","Summer Break Festival","Hesse","WM-Arena Gießen","Dance, Electro, Electronic Dance Music (EDM), Hip-Hop, Pop","€ 35.00","07/11
                                 -
                                
                                    07/12","2 days","outdoor","","07/12","Karl-Glöckner-Str. 4","Gießen","DE","35394","07/11","07/11","07/11"
"1763561947-61","https://www.festival-alarm.com/us/Categories/Electronic-music-festivals/(year)/2025","Friedensstraße                              Sandersleben (Anhalt),
                              DE
                              06456","Familientreffen Sandersleben","Saxony-Anhalt","Sportplatz Sandersleben","Electronic Dance Music (EDM)","n/a","07/11
                                 -
                                
                                    07/12","2 days","unknown","no data","07/12","Friedensstraße","Sandersleben (Anhalt)","DE","06456","07/11","07/11","07/11"
"1763561947-62","https://www.festival-alarm.com/us/Categories/Electronic-music-festivals/(year)/2025","Weidweg 21                              Lampertheim,
                              DE
                              68623","Tanz der Bässe Festival","Hesse","Biedensand-Bäder","Dance, Electro","€ 43.60","07/12","1 day","outdoor","","","Weidweg 21","Lampertheim","DE","68623","07/12","07/12","07/12"
"1763561947-63","https://www.festival-alarm.com/us/Categories/Electronic-music-festivals/(year)/2025","Am Sportgelände 7                              Schöllkrippen,
                              DE
                              63825","Behind the Moon Music Festival","Bavaria","Festivalgelände Schützenverein Hubertus Schöllkrippen","Dance, Electro, Electronic Dance Music (EDM), House","n/a","07/12","1 day","outdoor","n/a","","Am Sportgelände 7","Schöllkrippen","DE","63825","07/12","07/12","07/12"
"1763561947-64","https://www.festival-alarm.com/us/Categories/Electronic-music-festivals/(year)/2025","Freiherr-vom-Stein-Straße 384                              Essen,
                              DE
                              45133","SMAG Sundance Festival","Northrhine-Westphalia","Seaside Beach Baldeney","Electro","€ 45.00","07/12","1 day","outdoor","no data","","Freiherr-vom-Stein-Straße 384","Essen","DE","45133","07/12","07/12","07/12"
"1763561947-65","https://www.festival-alarm.com/us/Categories/Electronic-music-festivals/(year)/2025","Prozessionsweg 8                              Harsewinkel,
                              DE
                              33428","Sun Swing Festival","Northrhine-Westphalia","Freibad Harsewinkel","Electro, Electronic Dance Music (EDM)","€ 17.00","07/12","1 day","outdoor","","","Prozessionsweg 8","Harsewinkel","DE","33428","07/12","07/12","07/12"
"1763561947-66","https://www.festival-alarm.com/us/Categories/Electronic-music-festivals/(year)/2025","Tägerhardstrasse 122                              Wettingen,
                              CH
                              5430","Subset Festival","Switzerland","Tägi AG","Electro","€ 59.00","07/12
                                 -
                                
                                    07/13","2 days","outdoor","no data","07/13","Tägerhardstrasse 122","Wettingen","CH","5430","07/12","07/12","07/12"
"1763561947-67","https://www.festival-alarm.com/us/Categories/Electronic-music-festivals/(year)/2025","Novalja,
                              HR
                              53291","Day&Night Festival","Croatia","Zrce Beach","Electronic Dance Music (EDM), House","€ 55.00","07/14
                                 -
                                
                                    07/17","4 days","outdoor","no data","07/17","","Novalja","HR","53291","07/14","07/14","07/14"
"1763561947-68","https://www.festival-alarm.com/us/Categories/Electronic-music-festivals/(year)/2025","am Helenesee 2                              Frankfurt (Oder),
                              DE
                              15236","Helene Beach Open Air","Brandenburg","Helenesee","Electro, Goa, House, Techno","€ 23.10","07/17
                                 -
                                
                                    07/19","3 days","outdoor","","07/19","am Helenesee 2","Frankfurt (Oder)","DE","15236","07/17","07/17","07/17"
"1763561947-69","https://www.festival-alarm.com/us/Categories/Electronic-music-festivals/(year)/2025","Flughafen-Ring 1                              Weeze,
                              DE
                              47652","Parookaville Festival","Northrhine-Westphalia","Flughafen Weeze","Dance, Electro, House, Trance","n/a","07/18
                                 -
                                
                                    07/20","3 days","outdoor","n/a","07/20","Flughafen-Ring 1","Weeze","DE","47652","07/18","07/18","07/18"
"1763561947-70","https://www.festival-alarm.com/us/Categories/Electronic-music-festivals/(year)/2025","Seestraße 30                              Freiburg im Breisgau,
                              DE
                              79108","Sea You Festival","Baden-Württemberg","Beach-Festival am Tunisee (bei Freiburg im Breisgau)","Dance, Electro, Electronic Dance Music (EDM), Trance","n/a","07/18
                                 -
                                
                                    07/20","3 days","outdoor","n/a","07/20","Seestraße 30","Freiburg im Breisgau","DE","79108","07/18","07/18","07/18"
"1763561947-71","https://www.festival-alarm.com/us/Categories/Electronic-music-festivals/(year)/2025","Schommelei 1                              Boom,
                              BE
                              2850","Tomorrowland Festival","Belgium","Provinciaal Recreatiedomein De Schorre","Dance, Electro, Trance","n/a","07/18
                                 -
                                
                                    07/27","10 days","outdoor","n/a","07/27","Schommelei 1","Boom","BE","2850","07/18","07/18","07/18"
"1763561947-72","https://www.festival-alarm.com/us/Categories/Electronic-music-festivals/(year)/2025","Nordstrand 507 – 509                              Prora,
                              DE
                              18609","Tag am Meer Festival","Mecklenburg-Western-Pomerania","Jugendherberge Prora mit Zeltplatz","Electro, House, Trance","€ 77.10","07/18
                                 -
                                
                                    07/19","2 days","outdoor","","07/19","Nordstrand 507 – 509","Prora","DE","18609","07/18","07/18","07/18"
"1763561947-73","https://www.festival-alarm.com/us/Categories/Electronic-music-festivals/(year)/2025","Mansfelder Chaussee                              Putlitz,
                              DE
                              16949","Voov Experience Festival","Brandenburg","","Goa","€ 135.00","07/18
                                 -
                                
                                    07/21","4 days","outdoor","","07/21","Mansfelder Chaussee","Putlitz","DE","16949","07/18","07/18","07/18"
"1763561947-74","https://www.festival-alarm.com/us/Categories/Electronic-music-festivals/(year)/2025","Van-der-Smissen-Straße 5                              Hamburg,
                              DE
                              22767 Hamburg","Noisy Festival","Hamburg","Hamburg Cruise Center Altona","Electro","€ 69.00","07/18
                                 -
                                
                                    07/20","3 days","outdoor","","07/20","Van-der-Smissen-Straße 5","Hamburg","DE","22767 Hamburg","07/18","07/18","07/18"
"1763561947-75","https://www.festival-alarm.com/us/Categories/Electronic-music-festivals/(year)/2025","Alte Schleuse 23                              Hamburg,
                              DE
                              21107","Habitat Festival","Hamburg","MS Artville","Dance, Electro, House, Trance","€ 75.00","07/19
                                 -
                                
                                    07/20","2 days","outdoor","","07/20","Alte Schleuse 23","Hamburg","DE","21107","07/19","07/19","07/19"
"1763561947-76","https://www.festival-alarm.com/us/Categories/Electronic-music-festivals/(year)/2025","Am See 1                              Garching,
                              DE
                              85748","Schall im Schilf Festival","Bavaria","Garchinger See","Electro","€ 42.00","07/19","1 day","outdoor","","","Am See 1","Garching","DE","85748","07/19","07/19","07/19"
"1763561947-77","https://www.festival-alarm.com/us/Categories/Electronic-music-festivals/(year)/2025","Puschendorfer Straße 2                              Herzogenaurach,
                              DE
                              91074","Open Beatz Festival","Bavaria","","Electro, Hardcore (Electro), House, Trance","€ 189.00","07/25
                                 -
                                
                                    07/27","3 days","outdoor","","07/27","Puschendorfer Straße 2","Herzogenaurach","DE","91074","07/25","07/25","07/25"
"1763561947-78","https://www.festival-alarm.com/us/Categories/Electronic-music-festivals/(year)/2025","Wohnsiedlung 4                              Ferdinandshof ,
                              DE
                              17379","Kallisto Festival","Mecklenburg-Western-Pomerania","Oakyard Grounds","Dance, Disco, Electro","€ 100.00","07/25
                                 -
                                
                                    07/27","3 days","outdoor","","07/27","Wohnsiedlung 4","Ferdinandshof","DE","17379","07/25","07/25","07/25"
"1763561947-79","https://www.festival-alarm.com/us/Categories/Electronic-music-festivals/(year)/2025","Am Flugplatz 1                              Husum,
                              DE
                              25813","Bachblyten Festival","Schleswig-Holstein","Flugplatz Husum","Electro, Electronic Dance Music (EDM), Goa, Trance","€ 0.00","07/25
                                 -
                                
                                    07/27","3 days","outdoor","€ 0.00","07/27","Am Flugplatz 1","Husum","DE","25813","07/25","07/25","07/25"
"1763561947-80","https://www.festival-alarm.com/us/Categories/Electronic-music-festivals/(year)/2025","Südstrand Eckernförde, 24340 Eckernförde                              Eckernförde,
                              DE
                              24340","Strandgut Festival","Schleswig-Holstein","Südstrand Eckernförde","Electro, Electronic Dance Music (EDM), House","€ 44.90","07/26","1 day","outdoor","","","Südstrand Eckernförde, 24340 Eckernförde","Eckernförde","DE","24340","07/26","07/26","07/26"
"1763561947-81","https://www.festival-alarm.com/us/Categories/Electronic-music-festivals/(year)/2025","L225                              Hasselbach,
                              DE
                              56288","Nature One","Rhineland-Palatinate","Raketenbasis Pydna / Kastellaun","Dance, Electro, House, Trance","€ 129.00","07/31
                                 -
                                
                                    08/03","4 days","outdoor","","08/03","L225","Hasselbach","DE","56288","07/31","07/31","07/31"
"1763561947-82","https://www.festival-alarm.com/us/Categories/Electronic-music-festivals/(year)/2025","Scherleithen                              Plankenfels,
                              DE
                              95515","Klangtherapie Festival","Bavaria","","Dance, Electro, Trance","€ 150.00","07/31
                                 -
                                
                                    08/04","5 days","outdoor","","08/04","Scherleithen","Plankenfels","DE","95515","07/31","07/31","07/31"
"1763561947-83","https://www.festival-alarm.com/us/Categories/Electronic-music-festivals/(year)/2025","Zur Kleinbahn 8                              Galenbeck,
                              DE
                              17099","Praerie Festival","Mecklenburg-Western-Pomerania","","Dance, Electro, Electronic Dance Music (EDM), Trance","€ 160.00","07/31
                                 -
                                
                                    08/03","4 days","outdoor","no data","08/03","Zur Kleinbahn 8","Galenbeck","DE","17099","07/31","07/31","07/31"
"1763561947-84","https://www.festival-alarm.com/us/Categories/Electronic-music-festivals/(year)/2025","Zum Flugpl. 44                              Rotenburg (Wümme),
                              DE
                              27356","Ferdinands Feld Festival","Lower Saxony","Flugplatz Rotenburg (Wümme)","Dance, Electro, House, Trance","€ 94.90","08/01
                                 -
                                
                                    08/02","2 days","outdoor","","08/02","Zum Flugpl. 44","Rotenburg (Wümme)","DE","27356","08/01","08/01","08/01"
"1763561947-85","https://www.festival-alarm.com/us/Categories/Electronic-music-festivals/(year)/2025","Am Sportplatz                              Blievenstorf,
                              DE
                              19306","Summer Dream Festival","Mecklenburg-Western-Pomerania","","Electro, Goa","n/a","08/01
                                 -
                                
                                    08/03","3 days","outdoor","no data","08/03","Am Sportplatz","Blievenstorf","DE","19306","08/01","08/01","08/01"
"1763561947-86","https://www.festival-alarm.com/us/Categories/Electronic-music-festivals/(year)/2025","Schloß Prugg 2                              Bruck an der Leitha,
                              AT
                              2460","Paradies Garten Festival","Austria","Schloss Prugg","Dance, Disco, Electro, House","€ 149.99","08/01
                                 -
                                
                                    08/03","3 days","outdoor","no data","08/03","Schloß Prugg 2","Bruck an der Leitha","AT","2460","08/01","08/01","08/01"
"1763561947-87","https://www.festival-alarm.com/us/Categories/Electronic-music-festivals/(year)/2025","Teichwiesenweg                               Luckenwalde,
                              DE
                              14943","Hain & Zunder Festival","Brandenburg","","Electro, Hip-Hop, House, Other","n/a","08/01
                                 -
                                
                                    08/02","2 days","outdoor","n/a","08/02","Teichwiesenweg","Luckenwalde","DE","14943","08/01","08/01","08/01"
"1763561947-88","https://www.festival-alarm.com/us/Categories/Electronic-music-festivals/(year)/2025","Riedenburg,
                              DE
                              93339","AgratAmAgatha Festival","Bavaria","St. Agatha See in Riedenburg","Disco, Electro, Electronic Dance Music (EDM), Art & culture, Reggae, Ska, Other","n/a","08/01","1 day","outdoor","n/a","","","Riedenburg","DE","93339","08/01","08/01","08/01"
"1763561947-89","https://www.festival-alarm.com/us/Categories/Electronic-music-festivals/(year)/2025","Nöda,
                              DE
                              99195","Fantasy Beach Festival","Thuringia","Alperstedter See","Dance, Electro, Electronic Dance Music (EDM), Hardcore (Electro), House","€ 17.00","08/02","1 day","outdoor","","","","Nöda","DE","99195","08/02","08/02","08/02"
"1763561947-90","https://www.festival-alarm.com/us/Categories/Electronic-music-festivals/(year)/2025","Raiffeisenweg 10                              Möckmühl-Korb,
                              DE
                              74219","Dorf of Tomorrow Festival","Baden-Württemberg","Hergbstbachtalarena, Möckmühl-Korb","Dance, Electro, Goa, Hardcore (Electro), House, Other, Trance","n/a","08/02","1 day","outdoor","n/a","","Raiffeisenweg 10","Möckmühl-Korb","DE","74219","08/02","08/02","08/02"
"1763561947-91","https://www.festival-alarm.com/us/Categories/Electronic-music-festivals/(year)/2025","Alte Schleuse 23                              Hamburg,
                              DE
                              21107","Vogelball Festival","Hamburg","Ehemaliges MS Dockville Festival Gelände","Electro, Electronic Dance Music (EDM), Trance","€ 45.00","08/02","1 day","outdoor","","","Alte Schleuse 23","Hamburg","DE","21107","08/02","08/02","08/02"
"1763561947-92","https://www.festival-alarm.com/us/Categories/Electronic-music-festivals/(year)/2025","Primislje,
                              HR
                              47240","MoDem Festival","Croatia","Plitvice Outdoor Croatia","Goa","€ 298.00","08/04
                                 -
                                
                                    08/10","7 days","outdoor","","08/10","","Primislje","HR","47240","08/04","08/04","08/04"
"1763561947-93","https://www.festival-alarm.com/us/Categories/Electronic-music-festivals/(year)/2025","Bergstrasse 32                              Stemwede / Wehdem,
                              DE
                              32351","Waldfrieden Wonderland Festival","Northrhine-Westphalia","","Electro, Goa, Art & culture, Sports","n/a","08/07
                                 -
                                
                                    08/10","4 days","outdoor","n/a","08/10","Bergstrasse 32","Stemwede / Wehdem","DE","32351","08/07","08/07","08/07"
"1763561947-94","https://www.festival-alarm.com/us/Categories/Electronic-music-festivals/(year)/2025","Kragenhof 1                              Staufenberg,
                              DE
                              34355","Anderewelt. Festival","Hesse","Gut Kragenhof","Electro, Art & culture, Pop, Punk, Rock","€ 87.00","08/07
                                 -
                                
                                    08/10","4 days","outdoor","no data","08/10","Kragenhof 1","Staufenberg","DE","34355","08/07","08/07","08/07"
"1763561947-95","https://www.festival-alarm.com/us/Categories/Electronic-music-festivals/(year)/2025","Wetteraweg 2                              Saalburg-Ebersdorf,
                              DE
                              07929","SonneMondSterne Festival","Thuringia","","Dance, Electro, House, Trance","€ 243.00","08/08
                                 -
                                
                                    08/10","3 days","outdoor","","08/10","Wetteraweg 2","Saalburg-Ebersdorf","DE","07929","08/08","08/08","08/08"
"1763561947-96","https://www.festival-alarm.com/us/Categories/Electronic-music-festivals/(year)/2025","Freidorferweg                              Bruchhausen Vilsen,
                              DE
                              27305","Hill of Dreams Festival","Lower Saxony","","Dance, Electro, Electronic Dance Music (EDM), Hardcore (Electro), House","€ 67.76","08/08
                                 -
                                
                                    08/09","2 days","outdoor","","08/09","Freidorferweg","Bruchhausen Vilsen","DE","27305","08/08","08/08","08/08"
"1763561947-97","https://www.festival-alarm.com/us/Categories/Electronic-music-festivals/(year)/2025","Feldberg,
                              DE
                              17258","3000 Grad Festival","Mecklenburg-Western-Pomerania","Feldberger Seenlandschaft Kieskuhle","Dance, Electro, Electronic Dance Music (EDM), Trance","€ 129.00","08/08
                                 -
                                
                                    08/10","3 days","outdoor","no data","08/10","","Feldberg","DE","17258","08/08","08/08","08/08"
"1763561947-98","https://www.festival-alarm.com/us/Categories/Electronic-music-festivals/(year)/2025","Hohenbuscherstraße 1                              Erkelenz,
                              DE
                              41812","Electrisize Festival","Northrhine-Westphalia","Haus Hohenbusch","Electro, Electronic Dance Music (EDM)","€ 155.00","08/08
                                 -
                                
                                    08/10","3 days","outdoor","","08/10","Hohenbuscherstraße 1","Erkelenz","DE","41812","08/08","08/08","08/08"
"1763561947-99","https://www.festival-alarm.com/us/Categories/Electronic-music-festivals/(year)/2025","Empfingen,
                              DE
                              72186","Luftliebe Festival","Baden-Württemberg","Hochgericht","Electro, House","€ 24.67","08/08
                                 -
                                
                                    08/09","2 days","outdoor","","08/09","","Empfingen","DE","72186","08/08","08/08","08/08"
"1763561947-100","https://www.festival-alarm.com/us/Categories/Electronic-music-festivals/(year)/2025","Festplatz Trieb                              Nattheim,
                              DE
                              89564","2Takt Festival","Baden-Württemberg","Festplatz Trieb","House, Techno, Trance","€ 69.99","08/08
                                 -
                                
                                    08/10","3 days","outdoor","no data","08/10","Festplatz Trieb","Nattheim","DE","89564","08/08","08/08","08/08"
"1763561947-101","https://www.festival-alarm.com/us/Categories/Electronic-music-festivals/(year)/2025","In der Marbach 26                              Oberzent ,
                              DE
                              64760","Circle of Leaves","Hesse","Marbach Stausee","Electro, Electronic Dance Music (EDM)","€ 83.00","08/08
                                 -
                                
                                    08/10","3 days","outdoor","no data","08/10","In der Marbach 26","Oberzent","DE","64760","08/08","08/08","08/08"
"1763561947-102","https://www.festival-alarm.com/us/Categories/Electronic-music-festivals/(year)/2025","Sommerkeller 1                              Ellingen,
                              DE
                              91792","Wild Woods Festival","Germany","Sommerkeller Ellingen","Dance, Electronic Dance Music (EDM), Hardcore (Electro), Hip-Hop, House, Pop, Techno, Trance","€ 25.00","08/08
                                 -
                                
                                    08/10","3 days","outdoor","","08/10","Sommerkeller 1","Ellingen","DE","91792","08/08","08/08","08/08"
"1763561947-103","https://www.festival-alarm.com/us/Categories/Electronic-music-festivals/(year)/2025","Neues Kloster 1                              Bad Schussenried,
                              DE
                              88427","Convent Festival","Baden-Württemberg","Klostermauer","Electro, House, Other","n/a","08/09","1 day","outdoor","no data","","Neues Kloster 1","Bad Schussenried","DE","88427","08/09","08/09","08/09"
"1763561947-104","https://www.festival-alarm.com/us/Categories/Electronic-music-festivals/(year)/2025","Ostenallee 87                              Hamm,
                              DE
                              59067","Welcome To My Garden Festival","Northrhine-Westphalia","Kurhausgarten Hamm","Dance, Electro, Electronic Dance Music (EDM), House, Techno, Trance","€ 45.00","08/09","1 day","outdoor","no data","","Ostenallee 87","Hamm","DE","59067","08/09","08/09","08/09"
"1763561947-105","https://www.festival-alarm.com/us/Categories/Electronic-music-festivals/(year)/2025","Am Sportplatz 1                              Münster,
                              DE
                              64839","Widefield Open Air","Hesse","Sportplatz","Techno","€ 24.10","08/09","1 day","outdoor","no data","","Am Sportplatz 1","Münster","DE","64839","08/09","08/09","08/09"
"1763561947-106","https://www.festival-alarm.com/us/Categories/Electronic-music-festivals/(year)/2025","Am Helenesee 2                               Frankfurt (Oder),
                              DE
                              15236","Bucht der Träumer* Festival","Brandenburg","Helenesee","Electro, Trance","€ 229.00","08/14
                                 -
                                
                                    08/18","5 days","outdoor","","08/18","Am Helenesee 2","Frankfurt (Oder)","DE","15236","08/14","08/14","08/14"
"1763561947-107","https://www.festival-alarm.com/us/Categories/Electronic-music-festivals/(year)/2025","Texasstraße                              Bad Aibling,
                              DE
                              83043","Echelon Open Air & Indoor Festival","Bavaria","ehem. US-Kaserne Bad Aibling","Electro, Hardcore (Electro)","€ 145.20","08/15
                                 -
                                
                                    08/16","2 days","unknown","","08/16","Texasstraße","Bad Aibling","DE","83043","08/15","08/15","08/15"
"1763561947-108","https://www.festival-alarm.com/us/Categories/Electronic-music-festivals/(year)/2025","Mittelstraße 108                              Ennepetal,
                              DE
                              58256","Ferik Festival","Northrhine-Westphalia","Kulturbad Ennepetal","Electro, Electronic Dance Music (EDM), House","€ 75.00","08/15
                                 -
                                
                                    08/16","2 days","outdoor","","08/16","Mittelstraße 108","Ennepetal","DE","58256","08/15","08/15","08/15"
"1763561947-109","https://www.festival-alarm.com/us/Categories/Electronic-music-festivals/(year)/2025","Weiner 166                              Ochtrup ,
                              DE
                              48607","Lacuna Festival","Northrhine-Westphalia","Weiner","Electro, Electronic Dance Music (EDM), Hardcore (Electro), House, Techno","n/a","08/15
                                 -
                                
                                    08/16","2 days","outdoor","n/a","08/16","Weiner 166","Ochtrup","DE","48607","08/15","08/15","08/15"
"1763561947-110","https://www.festival-alarm.com/us/Categories/Electronic-music-festivals/(year)/2025","Schiffbauergasse 6                              Potsdam,
                              DE
                              14467","Havelbeats Festival","Brandenburg","Waschhaus Potsdam","Electro, Electronic Dance Music (EDM), Goa, Techno","€ 79.00","08/15
                                 -
                                
                                    08/16","2 days","outdoor","no data","08/16","Schiffbauergasse 6","Potsdam","DE","14467","08/15","08/15","08/15"
"1763561947-111","https://www.festival-alarm.com/us/Categories/Electronic-music-festivals/(year)/2025","Neuenkoog 18                              Westerdeichstrich,
                              DE
                              25761","In litore Festival","Schleswig-Holstein","Büsum-Westerdeichstrich am Strand","Dance, Electronic Dance Music (EDM), Techno","€ 49.00","08/15
                                 -
                                
                                    08/16","2 days","outdoor","","08/16","Neuenkoog 18","Westerdeichstrich","DE","25761","08/15","08/15","08/15"
"1763561947-112","https://www.festival-alarm.com/us/Categories/Electronic-music-festivals/(year)/2025","Klingemühle 4                              Friedland,
                              DE
                              16848","Chimaera Festival","Brandenburg","Klingemühle","Disco, House, Art & culture, Pop, Techno, Trance","€ 153.00","08/15
                                 -
                                
                                    08/17","3 days","outdoor","","08/17","Klingemühle 4","Friedland","DE","16848","08/15","08/15","08/15"
"1763561947-113","https://www.festival-alarm.com/us/Categories/Electronic-music-festivals/(year)/2025","Zum Heidebad 55                              Schmelz,
                              DE
                              66839","Heidebeat Festival","Saarland","Heidebad Schmelz","Electro","€ 35.00","08/16","1 day","outdoor","no data","","Zum Heidebad 55","Schmelz","DE","66839","08/16","08/16","08/16"
"1763561947-114","https://www.festival-alarm.com/us/Categories/Electronic-music-festivals/(year)/2025","Hornstr. 85                              Köln,
                              DE
                              50823","Breakzone Festival","Northrhine-Westphalia","Odonien","Electro, House, Other","€ 28.00","08/16","1 day","outdoor","","","Hornstr. 85","Köln","DE","50823","08/16","08/16","08/16"
"1763561947-115","https://www.festival-alarm.com/us/Categories/Electronic-music-festivals/(year)/2025","Brauereistraße 1                              Plankstadt,
                              DE
                              68723","Electric Horizon Festival","Baden-Württemberg","Weldegarten","Electro, Hardcore (Electro), Techno, Trance","€ 33.00","08/16","1 day","outdoor","","","Brauereistraße 1","Plankstadt","DE","68723","08/16","08/16","08/16"
"1763561947-116","https://www.festival-alarm.com/us/Categories/Electronic-music-festivals/(year)/2025","Novalja,
                              HR
                              53290","Sonus Festival","Croatia","Zrce Beach","Dance, Electro, House, Trance","€ 199.00","08/17
                                 -
                                
                                    08/21","5 days","outdoor","","08/21","","Novalja","HR","53290","08/17","08/17","08/17"
"1763561947-117","https://www.festival-alarm.com/us/Categories/Electronic-music-festivals/(year)/2025","Am Backsberg                              Oyten,
                              DE
                              28876","Moyn Festival","Lower Saxony","","Dance, Electro, Electronic Dance Music (EDM), Trance","€ 225.00","08/21
                                 -
                                
                                    08/24","4 days","outdoor","","08/24","Am Backsberg","Oyten","DE","28876","08/21","08/21","08/21"
"1763561947-118","https://www.festival-alarm.com/us/Categories/Electronic-music-festivals/(year)/2025","Enterstraße                              München,
                              DE
                              80999","Trikaya Festival – The Transition","Bavaria","TRIKAYA Festival","Electro, Electronic Dance Music (EDM), Goa, Trance","€ 168.00","08/21
                                 -
                                
                                    08/24","4 days","outdoor","no data","08/24","Enterstraße","München","DE","80999","08/21","08/21","08/21"
"1763561947-119","https://www.festival-alarm.com/us/Categories/Electronic-music-festivals/(year)/2025","Amsterdam,
                              NL
                              1001","Mysteryland","Netherlands","Haarlem","Dance, Electro, Goa, Hardcore (Electro), House","n/a","08/22
                                 -
                                
                                    08/24","3 days","outdoor","n/a","08/24","","Amsterdam","NL","1001","08/22","08/22","08/22"
"1763561947-120","https://www.festival-alarm.com/us/Categories/Electronic-music-festivals/(year)/2025","Göritz 5                              Drebkau,
                              DE
                              03116","Wilde Möhre Festival","Brandenburg","Creativ Center Göritz","Dance, Electro, Electronic Dance Music (EDM), House, Art & culture, Reading","€ 159.00","08/22
                                 -
                                
                                    08/25","4 days","outdoor","","08/25","Göritz 5","Drebkau","DE","03116","08/22","08/22","08/22"
"1763561947-121","https://www.festival-alarm.com/us/Categories/Electronic-music-festivals/(year)/2025","Storkower Str. 123                              Berlin,
                              DE
                              10407","Danube Festival","Brandenburg","","Electro, House","€ 44.50","08/22
                                 -
                                
                                    08/24","3 days","outdoor","","08/24","Storkower Str. 123","Berlin","DE","10407","08/22","08/22","08/22"
"1763561947-122","https://www.festival-alarm.com/us/Categories/Electronic-music-festivals/(year)/2025","Flughafenring 31                              Tutow,
                              DE
                              17129","Shifted Festival","Mecklenburg-Western-Pomerania","Flugplatz Tutow","Techno, Trance","€ 130.00","08/22
                                 -
                                
                                    08/24","3 days","outdoor","","08/24","Flughafenring 31","Tutow","DE","17129","08/22","08/22","08/22"
"1763561947-123","https://www.festival-alarm.com/us/Categories/Electronic-music-festivals/(year)/2025","Am Badesee 1                              Düren,
                              DE
                              52349","Nibirii Festival","Northrhine-Westphalia","Dürener Badesee","Goa, Techno","€ 164.00","08/22
                                 -
                                
                                    08/24","3 days","outdoor","","08/24","Am Badesee 1","Düren","DE","52349","08/22","08/22","08/22"
"1763561947-124","https://www.festival-alarm.com/us/Categories/Electronic-music-festivals/(year)/2025","Brodenbach,
                              DE
                              56332","Castle Beats Festival","Rhineland-Palatinate","Ehrenburg Brodenbach / Mosel","Electro, House, Techno","€ 40.00","08/22
                                 -
                                
                                    08/23","2 days","outdoor","","08/23","","Brodenbach","DE","56332","08/22","08/22","08/22"
"1763561947-125","https://www.festival-alarm.com/us/Categories/Electronic-music-festivals/(year)/2025","Gemünden,
                              DE
                              97737","Tanzinsel Open Air","Bavaria","","Electronic Dance Music (EDM)","€ 34.00","08/23","1 day","outdoor","no data","","","Gemünden","DE","97737","08/23","08/23","08/23"
"1763561947-126","https://www.festival-alarm.com/us/Categories/Electronic-music-festivals/(year)/2025","Ludwigslust,
                              DE
                              19288","Indian Spirit Festival","Mecklenburg-Western-Pomerania","Wiese nahe Eldena","Dance, Electro, Electronic Dance Music (EDM), Goa, Techno, Trance","€ 89.99","08/27
                                 -
                                
                                    09/01","6 days","outdoor","","09/01","","Ludwigslust","DE","19288","08/27","08/27","08/27"
"1763561947-127","https://www.festival-alarm.com/us/Categories/Electronic-music-festivals/(year)/2025","Marseille,
                              FR
                              13008","Delta Festival","France","Plages du Prado","Electro, House, Trance","n/a","08/27
                                 -
                                
                                    08/31","5 days","outdoor","n/a","08/31","","Marseille","FR","13008","08/27","08/27","08/27"
"1763561947-128","https://www.festival-alarm.com/us/Categories/Electronic-music-festivals/(year)/2025","Fasanenkamp 2                              Goldenstedt,
                              DE
                              49424","Strandfieber Festival","Lower Saxony","Hartensbergsee","Dance, Electro, House, Trance","€ 39.90","08/30","1 day","outdoor","","","Fasanenkamp 2","Goldenstedt","DE","49424","08/30","08/30","08/30"
"1763561947-129","https://www.festival-alarm.com/us/Categories/Electronic-music-festivals/(year)/2025","Nobelstraße 91                              Leverkusen,
                              DE
                              51373","Sonnenbrand Festival","Northrhine-Westphalia","Neuland-Park","Electronic Dance Music (EDM)","€ 9.99","08/30","1 day","outdoor","","","Nobelstraße 91","Leverkusen","DE","51373","08/30","08/30","08/30"
"1763561947-130","https://www.festival-alarm.com/us/Categories/Electronic-music-festivals/(year)/2025","Zur Insel Rott 111                              Linkenheim,
                              DE
                              76351","Pirate Beach Open Air","Baden-Württemberg","Baggersee Giesen Hochstetten","Electro","€ 35.00","08/30","1 day","outdoor","no data","","Zur Insel Rott 111","Linkenheim","DE","76351","08/30","08/30","08/30"
"1763561947-131","https://www.festival-alarm.com/us/Categories/Electronic-music-festivals/(year)/2025","Zum Stausee 201                              Losheim,
                              DE
                              66679","Lucky Lake Festival","Saarland","STRANDBAD LOSHEIM AM SEE","Dance, Electronic Dance Music (EDM), Techno, Trance","n/a","08/30","1 day","outdoor","no data","","Zum Stausee 201","Losheim","DE","66679","08/30","08/30","08/30"
"1763561947-132","https://www.festival-alarm.com/us/Categories/Electronic-music-festivals/(year)/2025","Garliner See                              Garlin,
                              DE
                              19357","Evolution Festival","Brandenburg","Garliner See","Dance, Disco, Electro, Electronic Dance Music (EDM), Goa, Art & culture, Other, Techno, Trance","€ 150.00","09/04
                                 -
                                
                                    09/07","4 days","outdoor","","09/07","Garliner See","Garlin","DE","19357","09/04","09/04","09/04"
"1763561947-133","https://www.festival-alarm.com/us/Categories/Electronic-music-festivals/(year)/2025","Allstedt,
                              DE
                              06542","Tarmac Festival","Saxony-Anhalt","Flugplatz Allstedt","Disco, Electro, Goa, House","€ 190.00","09/04
                                 -
                                
                                    09/07","4 days","outdoor","","09/07","","Allstedt","DE","06542","09/04","09/04","09/04"
"1763561947-134","https://www.festival-alarm.com/us/Categories/Electronic-music-festivals/(year)/2025","Schlossstraße 30                               Ludwigsburg,
                              DE
                              71634","Just White and Blue","Baden-Württemberg","Residenzschloss Ludwigsburg","Electro, Electronic Dance Music (EDM), House","€ 28.64","09/05","1 day","outdoor","no data","","Schlossstraße 30","Ludwigsburg","DE","71634","09/05","09/05","09/05"
"1763561947-135","https://www.festival-alarm.com/us/Categories/Electronic-music-festivals/(year)/2025","Am Stadtbad 7-9                              Dinslaken,
                              DE
                              46537","Waikiki Open Air","Northrhine-Westphalia","DINamare -Das Stadtwerkebad","Dance, Electro, Electronic Dance Music (EDM), House","€ 79.90","09/05
                                 -
                                
                                    09/06","2 days","outdoor","","09/06","Am Stadtbad 7-9","Dinslaken","DE","46537","09/05","09/05","09/05"
"1763561947-136","https://www.festival-alarm.com/us/Categories/Electronic-music-festivals/(year)/2025","Hofwiesenpark 1                              Gera,
                              DE
                              07545","GEht RAus! Open Air","Thuringia","Sparkassenbühne Hofwiesenpark","Electro, Electronic Dance Music (EDM)","€ 30.00","09/06","1 day","outdoor","no data","","Hofwiesenpark 1","Gera","DE","07545","09/06","09/06","09/06"
"1763561947-137","https://www.festival-alarm.com/us/Categories/Electronic-music-festivals/(year)/2025","Brühlerstr. 20                              Solingen ,
                              DE
                              42657","Great Love World Festival","Northrhine-Westphalia","Eissporthalle Solingen","Electronic Dance Music (EDM)","€ 14.99","09/06
                                 -
                                
                                    09/07","2 days","indoor","no data","09/07","Brühlerstr. 20","Solingen","DE","42657","09/06","09/06","09/06"
"1763561947-138","https://www.festival-alarm.com/us/Categories/Electronic-music-festivals/(year)/2025","Am Freizeitpark 2                              Wedemark,
                              DE
                              30900","Waves Open Air Closing","Lower Saxony","Spaßbad Wedemark","Techno, Trance","€ 44.90","09/06","1 day","outdoor","no data","","Am Freizeitpark 2","Wedemark","DE","30900","09/06","09/06","09/06"
"1763561947-139","https://www.festival-alarm.com/us/Categories/Electronic-music-festivals/(year)/2025","Schlossstraße 30                              Ludwigsburg,
                              DE
                              71640","Crown of Sound","Baden-Württemberg","Residenzschloss Ludwigsburg","Techno","€ 67.14","09/06","1 day","outdoor","no data","","Schlossstraße 30","Ludwigsburg","DE","71640","09/06","09/06","09/06"
"1763561947-140","https://www.festival-alarm.com/us/Categories/Electronic-music-festivals/(year)/2025","Dormettingen,
                              DE
                              72358","Elements Electronic Music Festival","Baden-Württemberg","Schieferlebnis Dormettingen","Dance, Electro, Electronic Dance Music (EDM), Techno","n/a","09/12
                                 -
                                
                                    09/13","2 days","outdoor","n/a","09/13","","Dormettingen","DE","72358","09/12","09/12","09/12"
"1763561947-141","https://www.festival-alarm.com/us/Categories/Electronic-music-festivals/(year)/2025","Westfalenhallen                              Dortmund,
                              DE
                              44139","Syndicate Festival","Northrhine-Westphalia","Westfalenhallen Dortmund","Hardcore (Electro)","n/a","10/04","1 day","indoor","n/a","","Westfalenhallen","Dortmund","DE","44139","10/04","10/04","10/04"
"1763561947-142","https://www.festival-alarm.com/us/Categories/Electronic-music-festivals/(year)/2025","Im Lipperfeld 23                              Oberhausen,
                              DE
                              46047","Blacklist Festival","Northrhine-Westphalia","Turbinenhalle Oberhausen","Electro, Other","€ 45.00","10/11
                                 -
                                
                                    10/12","2 days","indoor","","10/12","Im Lipperfeld 23","Oberhausen","DE","46047","10/11","10/11","10/11"
"1763561947-143","https://www.festival-alarm.com/us/Categories/Electronic-music-festivals/(year)/2025","Eingangsbereich Nord 2, Halle 2 + 3 + 4                              Hannover,
                              DE
                              30521","Fairground Festival","Lower Saxony","Messegelände Hannover","Dance, Electro, Hardcore (Electro), House, Techno","€ 89.00","11/29","1 day","indoor","","","Eingangsbereich Nord 2, Halle 2 + 3 + 4","Hannover","DE","30521","11/29","11/29","11/29"
"1763561947-144","https://www.festival-alarm.com/us/Categories/Electronic-music-festivals/(year)/2025","Xaver-Fuhr-Straße 101                               Mannheim,
                              DE
                              68163","Toxicator Festival","Baden-Württemberg","Maimarkt Mannheim","Electro, Techno","€ 69.00","12/06","1 day","indoor","","","Xaver-Fuhr-Straße 101","Mannheim","DE","68163","12/06","12/06","12/06"
"1763561947-145","https://www.festival-alarm.com/us/Categories/Electronic-music-festivals/(year)/2025","Hamburgerstr. 164                              Büsum,
                              DE
                              25761","Pressure Doom 360 Cage Rave","Schleswig-Holstein","Westcoast Heide","Electronic Dance Music (EDM), Hardcore (Electro), Techno","€ 20.00","12/06
                                 -
                                
                                    12/07","2 days","indoor","","12/07","Hamburgerstr. 164","Büsum","DE","25761","12/06","12/06","12/06"
"1763561947-146","https://www.festival-alarm.com/us/Categories/Electronic-music-festivals/(year)/2025","Schulstraße 1                              Saalbach,
                              AT
                              5753","Rave on Snow Festival","Austria","","Electro, House","€ 150.00","12/11
                                 -
                                
                                    12/14","4 days","outdoor","","12/14","Schulstraße 1","Saalbach","AT","5753","12/11","12/11","12/11"
